site,name,lead,content,instead,persons,images,monitoring,highQaulityNews,uncertainSource,nonReliableNews,manipulativeHeading,fakes,manipulationsWithEmotions,hateSpeech
Obozrevatel.com,Обозреватель,"На сайті «Обозреватель» було виявлено 81 <span id=""highQaulityNews""></span> достовірних новин, 14 <span id=""uncertainSource""></span> новин із ненадійними джерелами інформації, а також 5 <span id=""nonReliableNews""></span> недостовірних новин. Серед цих публікацій, 20 <span id=""manipulativeHeading""></span> використовували маніпулятивні заголовки, 5 <span id=""manipulationsWithEmotions""></span> новин містили в собі маніпуляції з емоціями, і одна <span id=""hateSpeech""></span> новина містила мову ворожнечі. Фейків під час моніторингу не виявлено.","<p>Серед ненадійних джерел «Обозреватель» використовував дописи з неверифікованих акаунтів у соціальних мережах, посилання на сумнівні сайти, заяви політиків з ознаками джинси. До недостовірних новин потрапили публікації з ознаками джинси, новини про ситуацію у так званій «ЛНР», використовували недостовірні джерела. Наприклад, «Конец света 2018: ответ карт Таро». В новинах на сайті використовувалися такі маніпулятивні заголовки як: «Вытесним Россию: выяснились оружейные планы Украины», «Затопит по всей Украине: Тука предупредил о новой опасности с Донбасса», «Сотрет с лица земли: климатологи предупредили о бушующих стихиях» і т.д. В одній новині містилася мова ворожнечі — «Скандал из-за УПА: историк обвинил Польшу в методах нацистов». </p>",,"міського голови Дніпра Бориса Філатова, Юлії Тимошенко, Олега Ляшка, медицинської клініки «Добробут», лотереї «Лото-Забава»","filatov.jpg,tymoshenko.jpeg,liashko.jpeg,dobrobut.png,lotozabava.jpeg",,81,14,5,20,0,5,1
Segodnya.ua,Cегодня,"На сайті «Сегодня» було виявлено 88 <span id=""highQaulityNews""></span> достовірних новин, 6 <span id=""uncertainSource""></span> з ненадійними джерелами інформації, а також 6 <span id=""nonReliableNews""></span> недостовірних новин. Серед цих новин, 6 <span id=""manipulativeHeading""></span> містили маніпулятивні заголовки, одна <span id=""manipulationsWithEmotions""></span> новина містила маніпуляції з емоціями, й одна <span id=""hateSpeech""></span> новина містила мову ворожнечі. Фейків <span id=""fakes""></span>  під час моніторингу не було виявлено. 
","<p>В новинах із ненадійними джерелами використовувались посилання на дописи неверифікованих акаунтів у соціальних мережах. До недостовірних новин потрапили новини з ознаками замовлення.</p><p>До новин із маніпулятивними заголовками були віднесені публікації, де текст не збігався із заголовком, містилися узагальнення й оціночні судження. Наприклад, «Прямая линия с Путиным стала хитом в соцсетях».</p><p>Мова ворожнечі містилася в новині щодо ДТП, у якій недоречно згадувалося громадянство звинуваченого. </p>",,"Бориса Колеснікова, Гуманітарного штабу Ріната Ахметова, Олега Ляшка","kolesnikov.jpeg,ahmetov.jpeg,liashko.jpeg",,91,4,5,5,0,0,1
Tsn.ua,ТСН,"На сайті «ТСН» під час моніторингу було виявлено 95 <span id=""highQaulityNews""></span> достовірних новин, 2 <span id=""uncertainSource""></span> новини із ненадійними джерелами інформації, 3 <span id=""nonReliableNews""></span> недостовірних новини. Серед цих новин, одна <span id=""manipulativeHeading""></span> новина мала маніпулятивний заголовок, 1 <span id=""manipulationsWithEmotions""></span> новина містила маніпуляції з емоціями. Фейків та новин, які б містили мову ворожнечі, під час моніторингу не було виявлено.","<p>В новинах із ненадійними джерелами інформації використовувалися дописи з неверифікованих акаунтів у соціальних мережах, посилання на сумнівні джерела. До недостовірних новин були віднесені публікації з ознаками замовлення чи новини, які не мали посилань на джерела. До новин із маніпулятивним заголовком була віднесена публікація «Західні вчені заявили про радіоактивне молоко в Україні». </p>","<p>Під час моніторингу джинси новин з ознаками замовлення не було зафіксовано, проте були виявлені новини із неналежним маркуванням під рубриками «Новости компаний», «Вікно», «Актуально» тощо.</p>",,,"<p>Під час моніторингу джинси новин з ознаками замовлення не було зафіксовано, проте були новини із неналежним маркуванням під рубриками «Новости компаний», «Вікно», «Актуально», тощо. </p>",95,2,3,1,0,1,0
24tv.ua,24 канал,"На сайті «24 канал» під час моніторингу виявлено 82 <span id=""highQaulityNews""></span> достовірних новин, 11 <span id=""uncertainSource""></span> новин із ненадійними джерелами інформації, а також 7 <span id=""nonReliableNews""> недостовірних новин. Серед цих новин 2 <span id=""manipulativeHeading""></span> мали маніпулятивні заголовки, 2 <span id=""manipulationsWithEmotions""></span> новини використовували маніпуляції з емоціями. Разом з тим, не було зафіксовано жодних фейків, а також новин, які б містили мову ворожнечі .","<p>В новинах із ненадійними джерелами інформації використовувались дописи з неверифікованих акаунтів у соціальних мережах, посилання на сумнівні джерела. До недостовірних новин були віднесені публікації з ознаками замовлення, ті, в яких були відсутні джерела взагалі. Наприклад, «Дропшипінг: чому цей вид заробітку набирає популярності?». До новин, де були присутні маніпуляції з емоціями, були віднесені публікації, які містили оціночні судження. Наприклад, «Ромен Грожан збив бабака під час практики гран-прі Канади». </p>",,політичної партії «Самопоміч»,samopomich.jpg,,82,11,7,2,0,2,0
Rbc.ua,РБК-Україна,"На сайті «РБК-Україна» під час моніторингу було виявлено 96 <span id=""highQaulityNews""></span> достовірних новин, 4 <span id=""uncertainSource""></span> новини з ненадійними джерелами інформаціями. Також була зафіксована одна <span id=""manipulativeHeading""></span> новина із маніпулятивним заголовком. Разом з тим, не було зафіксовано жодних фейків <span id=""fakes""></span>, <span id=""nonReliableNews""></span> недостовірних новин, новин, які б містили маніпуляції з емоціями <span id=""manipulationsWithEmotions""></span> та мову ворожнечі<span id=""hateSpeech""></span>. 
","<p>До новин із ненадійними джерелами інформації були віднесені публікації з посиланнями на дописи з неверифікованих акаунтів у соціальних мережах, а також матеріали з ознаками замовлення. Наприклад, «В «Відродженні» считают, что заявление Линчевского об онкобольных содержит признаки нацизма». </p>
",,"політика Вадима Рабіновича, представника «Народного фронту» Максима Бурбака, голови Харківської ОДА Юлії Світличної, Юлії Тимошенко","rabinovich.jpg,maksimBurbak.jpg,svitlychna.jpg,tymoshenko.jpeg",,96,4,0,1,0,0,0
Unian.net,УНІАН,"На сайті інформагентства «УНІАН» під час моніторингу було виявлено 96 <span id=""highQaulityNews""></span> достовірних новин, а також 3 <span id=""uncertainSource""></span> новини із ненадійними джерелами інформації та одна <span id=""nonReliableNews""></span> недостовірна новина. Також було виявлено 3 <span id=""manipulativeHeading""></span> новини з маніпулятивними заголовками та одна <span id=""manipulationsWithEmotions""></span> новина, в якій використовувалися маніпуляції з емоціями. Разом з тим, не було виявлено жодних фейків та новин, які б містили мову ворожнечі.","<p>Новини з ненадійними джерелами інформації використовували дописи з неверифікованих акаунтів соціальних мереж, сумнівні джерела. Прикладом новини з маніпулятивним заголовком є наступна: «Польше трудно без дешевой рабочей силы — СМИ». До недостовірної новини була віднесена публікація про «Пожар в Чернобыле — что делать и как защитить себя от радиации», де було відсутнє посилання на джерела, до того ж, заява про загрозу, яку несе пожежа в Чорнобилі для мешканців Києва, не була підтверджена жодним з офіційних джерел. </p>",,"УПЦ МП та РПЦ, «Народного фронту», політика Вадима Рабіновича, мера Дніпра Бориса Філатова, «Укрбудінвестбанку», Української національної лотереї","rpc.jpeg,narodnyFront.png,rabinovich.jpg,filatov.jpg,ukrbudinvestbank.jpeg,ukrnaclot.png",,96,3,1,3,0,1,0
Nv.ua,Новое время,"На сайті «Новое время» під час моніторингу 99 <span id=""highQaulityNews""></span> новин були достовірними. Одна <span id=""uncertainSource""></span> новина мала ненадійне джерело інформації. 
","<p>До новини з ненадійними джерелами інформації був віднесений матеріал «Из Украины открыли новый авиарейс в Турцию», який містив ознаки замовлення на користь Bravo Airways. </p><p>Не було виявлено жодних фейків <span id=""fakes""></span>, <span id=""nonReliableNews""></span> недостовірних новин, новин із маніпулятивним заголовком, мовою ворожнечі, оціночними судженнями. </p>
","<p>Під час моніторингу джинси не було виявлено новин з ознаками замовлення. Втім, були зафіксовані новини з неналежним маркуванням. </p>
",,,"<p>Під час моніторингу джинси не було виявлено новин з ознаками замовлення. Втім, були зафіксовані новини з неналежним маркуванням.</p>",99,1,0,0,0,0,0
fakty.ictv.ua,ICTV,"На сайті «ICTV», у підрозділі програми новин «Факти», під час моніторингу було виявлено 88 <span id=""highQaulityNews""></span> достовірних новин, 7 <span id=""uncertainSource""></span> новин з ненадійними джерелами інформації та 5 <span id=""nonReliableNews""> недостовірних новин. Серед цих новин — 3 <span id=""manipulativeHeading""></span> містили маніпулятивні заголовки, одна <span id=""manipulationsWithEmotions""></span> містила маніпуляції з емоціями. Крім того, був виявлений один <span id=""fakes""></span> фейк. Не було виявлено новин, які б містили мову ворожнечі.","<p>Серед новин із ненадійними джерелами інформації використовувалися дописи з неверифікованих акаунтів у соціальних мережах, сумнівні джерела, у випадку смерті дитини від кору були відсутні заяви чи коментарі офіційних джерел тощо. Прикладом маніпулятивного заголовку, а також використання маніпуляцій з емоціями в одному й тому ж тексті є «У Києві шматок бетону впав з моста на Renault — пасажиру майже відірвало руку». Також було виявлено поширення фейку — «До парламенту проходять 8 партій на чолі з Тимошенко й Порошенко — західні соціологи», де використовувалися результати опитування фейкового міжнародного дослідницького центру BURI-Україна (The Belgium-Ukraine Research Institute).</p>",,"Ольги Богомолець, Вадима Новинського, проекту «Нові лідери», а також голови Одеської ОДА Максима Степанова","bogomolets.jpg,novynskyi.jpg,novilidery.jpeg,stepanov.jpg",,88,7,5,3,1,1,0
Strana.ua,Страна.юа,"На сайті «Страна.юа» під час моніторингу було виявлено 84 <span id=""highQaulityNews""></span> достовірних новини, 12 <span id=""uncertainSource""></span> новин містили ненадійні джерела, 3 <span id=""nonReliableNews""></span> новини були недостовірними. Серед цих публікацій 17 <span id=""manipulativeHeading""></span> новин мали маніпулятивні заголовки, 17 <span id=""manipulationsWithEmotions""></span> новин містили маніпуляції з емоціями. Під час аналізу був виявлений один <span id=""fakes""></span> фейк, а також одна <span id=""hateSpeech""></span> новина, яка містила мову ворожнечі.","<p>До новин з ненадійними джерелами інформації були віднесені ті, які містили посилання на дописи з неверифікованих акаунтів соціальних мереж, сумнівні анонімні джерела тощо. Серед недостовірних новин були відзначені новини без посилань, які разом з тим містили маніпулятивні заголовки, оціночні судження. Наприклад, «Больная семерка. Как саммит G7 разделил США и Европу, став самым провальным в истории». Інший приклад — «Порошенко обвинил СМИ в преувеличении коррупции в Украине», де заголовок повністю не відповідає тексту новини. На сайті достатньо часто використовуються й маніпуляції з емоціями, як от додавання маніпулятивного бекграунду. Також був зафіксований фейк - ""Истребители BBC Венгрии подняли по тревоге из-за украинского самолета - нарушителя"", який був спростований проектом StopFake.org. Одна новина містила мову ворожнечі - ""Украинский продюсер Ягольник получил ножевое ранение и обвиняет ""вату"". </p>","<p>Під час моніторингу джинси не було виявлено новин з ознаками замовності, а також новин із неналежним маркуванням. </p>
",,,,84,12,3,17,1,17,1
Gordonua.com,Гордон,"На сайті «Гордон» під час моніторингу було виявлено 98 <span id=""highQaulityNews""></span> достовірних новини та 2 <span id=""uncertainSource""></span> новини із ненадійним джерелом інформації. Також було зафіксовано одну <span id=""hateSpeech""></span> новину, яка містила мову ворожнечі.","<p>До ненадійних джерел були віднесені публікації з посиланнями на дописи в соціальних мережах, сумнівні джерела тощо. </p>",,"Аграрної партії, Вадима Рабіновича, «Опозиційного блоку», Юлії Тимошенко, Гуманітарного Штабу Ріната Ахметова","agrarna.jpg,rabinovich.jpg,opoblock.jpg,tymoshenko.jpeg,ahmetov.jpeg",,98,2,0,0,0,0,1
Pravda.com.ua,Українська правда,"На сайті «Українська правда» під час моніторингу було виявлено 98 <span id=""highQaulityNews""></span> достовірних новин, одна <span id=""uncertainSource""></span> новина з ненадійними джерелами інформації та одна <span id=""nonReliableNews""></span> недостовірна новина.","<p>Зокрема, до новин, які використовували ненадійні джерела інформації, була віднесена новина на основі інформації із соцмереж, яку згодом видалили користувачі, та економічна новина, джерела в якій були процитовані не в повній мірі. Також була зафіксована одна недостовірна новина «Фото дня: у Балі створили веселкову хвилю шльопанців, що викинув океан», де подавалися цитати мисткині без посилання на джерело, з якого вони були взяті. </p>",<p>Під час моніторингу джинси на сайті не було виявлено новин з ознаками замовності чи новин із неналежним маркуванням.</p>,,,,98,1,1,0,0,0,0
Znaj.ua,Znaj.ua,"Під час моніторингу на сайті «Znaj.ua» було виявлено 55 <span id=""highQaulityNews""></span> достовірних новини, 24 <span id=""nonReliableNews""></span> недостовірних новини, 21 <span id=""uncertainSource""></span> новину з ненадійними джерелами інформації. Крім того, було виявлено 32 <span id=""manipulativeHeading"" новини з маніпулятивними заголовками, 12 новин, які містили оціночні судження. Було виявлено 2 <span id=""fakes""></span> фейки, а також один <span id=""hateSpeech""></span> матеріал, який містив мову ворожнечі.","<p>До новин із ненадійними джерелами інформації були віднесені ті, які посилалися на дописи в соціальних мережах, коментарі з соціальних джерел, сумнівні анонімні джерела, а також ті, які мали ознаки замовлення. До недостовірних потрапили новини, в яких було відсутнє посилання на джерела, думка тільки однієї сторони, коли йшлася мова про конфлікт, чи новини з ознаками замовлення. Прикладами маніпулятивних заголовків, які були виявлені на сайті, є: «Діти помирають: Супрун попередила українців про літню небезпеку», «Це тільки початок: Австрія жене в шию імамів і закриває мечеті», «Ріки крові і багато постраждалих: маршрутка розгубила пасажирів по дорозі» тощо. У новинах досить часто використовуються узагальнення, оціночні судження, гіперболізація тощо. Крім того, було виявлено поширення двох фейків. Один, спрямований проти голови правління НАК «Нафтогаз» Андрія Коболєва («Київ без води і світла: Коболєв провернув аферу року»), інший наукового спрямування - ""Вчені розкрили страшну долю Антарктиди"". Також було виявлено використання мови ворожнечі в новині «Погром табору ромів у Києві: версії сторін та ставлення українців до проблеми».</p>",,"Віктора Медведчука, Вадима Новінського, Олега Ляшка,чорний піар <b>проти</b> супермаркету «АТБ»","medvedchuk.jpeg,novynskyi.jpg,liashko.jpeg,atb.png",,55,21,24,32,2,12,1
112.ua,112,"Під час моніторингу на сайті «112» було виявлено 92 <span id=""highQaulityNews""></span> достовірних новини, 5 <span id=""uncertainSource""></span> новин, які використовували ненадійні джерела інформації та 3 <span id=""nonReliableNews""> недостовірні новини. Також було виявлено 3 <span id=""manipulativeHeading""></span> новини з маніпулятивними заголовками та 2 <span id=""manipulationsWithEmotions""></span> новини, які використовували маніпуляції з емоціями. Був виявлений один <span id=""fakes""></span> фейк. Не було виявлено новин, які б містили б мову ворожнечі.","<p>Зокрема, до новин із ненадійними джерелами інформації були віднесені новини з ознаками замовлення. Наприклад, «Лучший эфир «112 Украина» за 8 июня — Гриценко и Добродомов в «Вечернем прайме», чи «Чем ближе к выборам, тем чаще конкурентов будут убирать обвинениями в «измене», — журналист». До новин з маніпулятивними заголовками були віднесені: «Чтобы запустить настоящую, народную медицинскую реформу, должна состояться перезагрузка системы, — Богомолец», «Что такое Антикоррупционный суд и почему он нужен Украине, а власть не может его создать — 112», тощо. Був виявлений фейк - ""Самолет из Украины нарушил воздушное пространство Венгрии - 112.ua"", який було спростовано проектом StopFake.org.</p>",,"політичної сили «Відродження», Дніпропетровської ОДА, «Запоріжсталь», партії «Наш Край», Віталія Кличка","vidro.png,dniproODA.png,zaporijstal.jpeg,nashkrai.png,klichko.jpg",,92,5,3,3,1,2,0
Korrespondent.net,Корреспондент,"Під час моніторингу на сайті «Корреспондент» було виявлено 96 <span id=""highQaulityNews""></span> достовірних новини, 3 <span id=""uncertainSource""></span> новини з ненадійними джерелами інформації та одна <span id=""nonReliableNews""></span> недостовірна новина. Крім того, було виявлено 2 <span id=""manipulativeHeading""></span> новини з маніпулятивними заголовками та 2 <span id=""manipulationsWithEmotions""></span> новини, в яких використовуються маніпуляції з емоціями. Не було виявлено фейків та новин, які містили б мову ворожнечі.","<p>До новин з ненадійними джерелами інформації були віднесені ті, які використовували дописи з неверифікованих акаунтів у соціальних мережах, сумнівні анонімні джерела. Наприклад, «Трамп поддерживает идею открытия McDonald’s в Северной Корее — СМИ». Недостовірною новиною був визначений матеріал з ознаками замовлення: «Медведчук: Антикоррупционный суд — это сдача суверенитета», який був розміщений під рубрикою «Мнение», що є неналежним маркуванням.</p>","<p>Під час моніторингу джинси на сайті не було виявлено матеріалів з ознаками замовлення. Втім, були виявлені новини з неналежним маркуванням.</p>",,,,96,3,1,2,0,2,0
Apostrophe.ua,Апостроф,"На сайті «Апостроф» під час моніторингу було виявлено 68 <span id=""highQaulityNews""></span> достовірних новин, 28 <span id=""uncertainSource""></span> новин, які мали ненадійне джерело інформації, а також 4 <span id=""nonReliableNews""> недостовірних новини. Крім того, 13 <span id=""manipulativeHeading""></span> новин мали маніпулятивний заголовок, 6 <span id=""manipulationsWithEmotions""></span> новин містили маніпуляції з емоціями, а 2 <span id=""hateSpeech""></span> новини — мову ворожнечі.","<p>Серед ненадійних джерел інформації на сайті використовувались дописи з неверифікованих акаунтів у соціальних мережах, зображення й опитування з соціальних мереж, коментарі сумнівних експертів, анонімні джерела тощо. Також до таких новин відносилися й матеріали з ознаками замовлення. До недостовірних новин були віднесені ті, в яких були відсутні посилання на джерела чи джерела були сумнівними. Прикладами манипулятивних заголовків, які були виявлені на сайті, є: «Жестокость на Закарпатье: сети шокировали фото животного, пострадавшего от живодера», «Санкции — ерунда: появилось пояснение, как Трамп помогает России зарабатывать миллиарды долларов», чи «К войне готовятся все: названа точка возможного столкновения России и Запада». Чимало новин містили оціночні судження, не відокремлювались коментарі від фактів. Також 2 новини містили мову ворожнечі — «Донецкий Египет: соцсети позабавило необычное фото оккупированного Донбасса», «В Киеве наглые герои парковки атаковали полицию и поплатились за это: фото с места ЧП».</p>",,"Вадима Рабіновича, Аграрної партії, партії «Наш край», партії «Народний фронт», Вадима Новинського, Олега Ляшка","rabinovich.jpg,agrarna.jpg,nashkrai.png,narodnyFront.png,novynskyi.jpg,liashko.jpeg",,68,28,4,13,0,6,2
Gazeta.ua,Gazeta.ua,"На сайті «Gazeta.ua» під час моніторингу було виявлено 79 <span id=""highQaulityNews""></span> достовірних новин, 14 <span id=""uncertainSource""></span> новин із ненадійними джерелами інформації та 7 <span id=""nonReliableNews""> недостовірних новин. Також було виявлено 8 <span id=""manipulativeHeading""></span> новин із маніпулятивними заголовками, одна <span id=""manipulationsWithEmotions""></span> новина, в якій використовувались маніпуляції з емоціями та 2 <span id=""hateSpeech""></span> новини, які містили мову ворожнечі. Не було виявлено жодних фейків.","<p>До новин з ненадійними джерелами інформації були віднесені ті, які використовували дописи з неверифікованих акаунтаів у соціальних мережах, сумнівні джерела. До недостовірних новин були віднесені матеріали без посилань на джерела інформації, з ознаками замовлення, з посиланнями на сумнівні джерела тощо. Наприклад, «Як рекламують улюблену серед українців модель автомобілів». Досить часто на сайті використовувалися маніпулятивні заголовки, які не відповідають тому, про що йдеться в самій новині, або значно гіперболізують зміст інформації. Наприклад, «Апокаліпсис близько — що призведе до кінця світу», «Італія «втомилася» від біженців і погрожує закрити порти» і т.д. Крім того, були виявлені приклади використання мови ворожнечі у новинах: «Ну що ж так тупо» — кліп про Кубок світу-2018 висміяли у мережі», а також — «Росіяни замостили дорогу надгробними плитами». </p>",,"Аграрної партії, Вадима Рабіновича, Дніпропетровської ОДА, Української національної лотереї","agrarna.jpg,rabinovich.jpg,dniproODA.png,ukrnaclot.png",,79,14,7,8,0,1,2
Censor.net,Цензор.нет,"На сайті «Цензор.нет» під час моніторингу було виявлено 95 <span id=""highQaulityNews""></span> достовірних новини та 5 <span id=""uncertainSource""></span> новин з ненадійними джерелами інформації. Також було виявлено 2 <span id=""manipulativeHeading""></span> новини з маніпулятивними заголовками та одна <span id=""hateSpeech""></span> новина, яка містила мову ворожнечі. Під час аналізу не було виявлено фейків, недостовірних новин, новин, які б містили маніпуляції з емоціями.","<p>До новин із ненадійними джерелами інформації були віднесені ті, які використовували дописи з неверифікованих акаунтів у соціальних мережах. Один із прикладів маніпулятивного заголовку, виявлених на сайті: «Украинские рейдеры на службе у российского Сбербанка». Також був виявлений приклад використання мови ворожнечі: «Стильно. Модно. По-русски»: в Ульяновске похоронное бюро замостило тротуар обломками надгробий». </p>",,"мера Дніпра Бориса Філатова, Арсенія Яценюка","filatov.jpg,yatseniyk.jpeg",,95,5,0,2,0,0,1
Telegraf.com.ua,Телеграф,"На сайті «Телеграф» під час моніторингу було виявлено 68 <span id=""highQaulityNews""></span> достовірних новин, 9 <span id=""uncertainSource""></span> новин із ненадійними джерелами інформації, а також 23 <span id=""nonReliableNews""></span> недостовірних новини. Крім того, було виявлено 5 <span id=""manipulativeHeading""></span> новин із маніпулятивними заголовками, 5 <span id=""manipulationsWithEmotions""></span> новин, в яких використовувались маніпуляції з емоціями. Також був виявлений 1 <span id=""fakes""></span> фейк та 1 <span id=""hateSpeech""></span> приклад використання мови ворожнечі.","<p>До новин із ненадійними джерелами інформації були віднесені ті, які використовували сумнівні джерела. До недостовірних новин були віднесені ті, які не використовували посилання на джерела взагалі, базувались на висновках самих журналістів, містили узагальнення, власноруч створені рейтинги на основі інформації з соціальних мереж і т.д. Наприклад, «Лекарства в пластиковой упаковке небезопасны», «Когда не знаешь чувство меры: девушки с очень большими губами». Маніпулятивні заголовки на сайті містять і оціночні судження, й гіперболізацію: «Редчайшие снимки из прошлого, которые точно изменят ваше восприятие истории». Крім того, був виявлений фейк, який одночасно і містив мову ворожнечі проти жінок — «Медики объяснили, почему женщинам нельзя много работать». </p>",<p>Під час моніторингу джинси на сайті не було виявлено новин з ознаками замовлення чи новин із неналежним маркуванням.</p>,,,,68,9,23,5,1,5,1
Newsone.ua,Newsone,"На сайті «Newsone» було виявлено 86 <span id=""highQaulityNews""></span> достовірних новин, 11 <span id=""uncertainSource""></span> новин з ненадійними джерелами інформації та 3 <span id=""nonReliableNews""></span> недостовірних новини. В 10-ти <span id=""manipulativeHeading""></span> новинах використовувались маніпулятивні заголовки, у 8-ми <span id=""manipulationsWithEmotions""></span> новинах використовувались маніпуляції з емоціями. Також серед вибірки у 100 новин було виявлено два <span id=""fakes""></span> фейки. Було виявлено один <span id=""hateSpeech""></span> приклад використанням мови ворожнечі.","<p>До новин із ненадійними джерелами інформації були віднесені ті, які використовували сумнівні чи анонімні джерела. До недостовірних були віднесені новини з ознаками замовлення. Наприклад, «Глава партии «Основа» Андрей Николаенко: реализация отложенного внутреннего спроса даст импульс развитию экономики Украины». Прикладами маніпулятивних заголовків, які зустрічалися на сайті, є: «Украинский формат» вновь возглавил рейтинг по всем аудиториям информационно-новостного сегмента Украины» чи «Благодаря ультиматуму Гройсмана Верховной Раде по Антикоррупционного суду — 2019 должен стать годом громких коррупционных дел». Крім того, був виявлений фейк: «Добкин: Супрун по нашему законодательству наработала уже на 15 лет тюрьмы», в якому стверджується, що виконуюча обов’язки Міністра охорони здоров’я України Уляна Супрун «работает на уменьшением численности населения Украины и этого не скрывает». У бекґраунді новини додається цитата Інни Богословської про те, що «результат діяльності Міністерства охорони здоров’я є справжнім геноцидом українського народу». Інший фейк - ""Обвинения в шпионаже - Бывшему сотруднику ЦРУ грозит смертная казнь"".</p>",,"Вадима Новинського, Юлії Тимошенко, Сергія Тарути, Юрія Єханурова, Нестора Шуфрича, Віктора Медведчука, Української національної лотереї, КВЦ «Парковий»","novynskyi.jpg,tymoshenko.jpeg,taruta.jpg,ehanurov.jpg,shufrich.jpg,medvedchuk.jpeg,ukrnaclot.png,parkovyy.jpg",,86,11,3,10,2,8,1
Liga.net,ЛІГА.net,"На сайті «ЛІГА.net» під час моніторингу всі <span id=""highQaulityNews""></span> проаналізовані новини були відзначені як достовірні. Не було виявлено фейків<span id=""fakes""></span>, недостовірних <span id=""nonReliableNews""></span> новин, новин, які б містили маніпулятивні заголовки<span id=""manipulativeHeading""></span> та маніпуляції з емоціями<span id=""manipulationsWithEmotions""></span>, ненадійні джерела інформації <span id=""uncertainSource""></span>, а також новин із мовою ворожнечі<span id=""hateSpeech""></span>. 
",,"<p>Під час моніторингу джинси на сайті не було виявлено новин з ознаками замовлення чи новин із неналежним маркуванням.</p>
",,,,100,0,0,0,0,0,0
Glavcom.ua,Главком,"На сайті «Главком» під час моніторингу було виявлено 97 <span id=""highQaulityNews""></span> достовірних новин та 3 <span id=""uncertainSource""></span> новини із ненадійними джерелами інформації. Також було виявлено 3 <span id=""manipulativeHeading""></span> новини із маніпулятивними заголовками та 2 <span id=""manipulationsWithEmotions""></span> новини, які використовували маніпуляції з емоціями. Не було виявлено фейків та новин, які б містили мову ворожнечі.","<p>До новин із ненадійними джерелами інформації були віднесені ті, які використовували дописи з неверифікованих акаунтів у соціальних мережах, містили посилання на джерела, але не надавали лінків на них, посилалися на сумнівні джерела. Прикладами маніпулятивних заголовків, які зустрічаються на сайті, є: «У Ляшка переконують, що «дужі чоловіки» хочуть бачити його президентом», «Мадонна шокувала фанатів, заявивши, що виходить заміж — Главком». </p>",,"«Волиньгаз збуту», голови Дніпропетровської ОДА Валентина Резніченка","volyngaz.jpg,reznichenko.jpg",,97,3,0,3,0,2,0
zik.ua,Zik.ua,"На сайті «Zik.ua» під час моніторингу було виявлено 93 <span id=""highQaulityNews""></span> достовірних новин, 4 <span id=""uncertainSource""></span> новин із ненадійними джерелами інформації та 2 <span id=""nonReliableNews""></span> недостовірні новини. Також було виявлено 6 <span id=""manipulativeHeading""></span> новин з маніпулятивними заголовками та дві <span id=""hateSpeech""></span> новини, в якій використовували мову ворожнечі. Був виявлений один <span id=""fakes""></span> фейк. Не було виявлено новин, які б містили маніпуляції з емоціями.","<p>До новин із ненадійними джерелами інформації були віднесені ті, які використовували дописи сумнівні джерела, новини з ознаками замовлення чи представленням тільки однієї точки зору в конфліктних темах. До недостовірних були віднесені новини, які не містили посилань на джерела. Наприклад, «Росіяни ввозять на Донбас смертельну зброю». До маніпулятивних заголовків були віднесені ті, які використовували гіперболізацію, оціночні судження. Наприклад, «Бутусов різко відповів на цинічну заяву одіозного нардепа Мураєва щодо «терориста Сенцова», чи «Україні дали важливу пораду щодо розвитку країни». Також була виявлена новина, яка містила мову ворожнечі, — «Національні дружини» і роми: Ми оголошуємо толоку в Голосіївському парку». Також був виявлений фейк - «Через всю землю простяглася таємнича лінія».</p>",,нардепа Віталія Купрія,nardepKuprin.jpg,,93,4,2,6,1,0,2
Facenews.ua,Facenews.ua,"На сайті «Facenews.ua» під час моніторингу було виявлено 86 <span id=""highQaulityNews""></span> достовірних новин, 10 <span id=""uncertainSource""></span> новин з ненадійними джерелами інформації та 4 <span id=""nonReliableNews""> недостовірних новин. Крім того, було зафіксовано 13 <span id=""manipulativeHeading""></span> новин із маніпулятивними заголовками, 2 <span id=""manipulationsWithEmotions""></span> новини, в яких використовувалися маніпуляції з емоціями та два <span id=""fakes""></span> фейки. Не було виявлено матеріалів, які б містили мову ворожнечі.","<p>До новин із ненадійними джерелами інформації були віднесені ті, які використовували дописи з неверифікованих акаунтів у соціальних мережах, сумнівні джерела та експертів тощо. Наприклад, «Вороны в Киеве массово нападают на людей. Как обезопасить себя», чи «Война с Россией: названа дата, после которой возможно обострение». До недостовірних новин були віднесені ті, в яких були відсутні посилання на джерела, чи були використані посилання на сумнівні джерела. Наприклад, «Во Львов прилетели военные самолеты США», чи «Дело Бабченко: Адвокат готов озвучить фамилию спецслужащего, который мог помогать Герману». До маніпулятивних заголовків були віднесені ті, які використовували гіперболізацію, оціночні судження, не відповідали загальному змісту статті. Наприклад, «Воды не будет: в Крыму сделали громкое заявление», «В Киеве заявили, что Донецк уходит под землю». Крім того, було виявлено два фейки — «Министр обороны Сербии заявил, что Майдан был операцией западных спецслужб», де була подана перекручена цитата політика, а також «Венгрия объявила военную тревогу из-за нелегального самолета из Украины». </p>",,оператора державних лотерей «М.С.Л.»,msl.png,,86,10,4,13,2,2,0
Unn.com.ua,УНН,"На сайті «УНН» під час моніторингу було виявлено 96 <span id=""highQaulityNews""></span> достовірних новин, 2 <span id=""uncertainSource""></span> новини з ненадійними джерелами інформації та 2 <span id=""nonReliableNews""></span> недостовірних новини. З них у двох <span id=""manipulativeHeading""></span> новинах використовувався маніпулятивний заголовок та у двох <span id=""manipulationsWithEmotions""></span> новинах — маніпуляції з емоціями. Разом з тим, не було виявлено фейків та новин, які б містили мову ворожнечі.","<p>До новин із ненадійними джерелами інформації були віднесені ті, які використовували дописи з неверифікованих акаунтів у соціальних мережах, посилання без лінків на самі джерела, новини з ознаками замовлення. До недостовірних новин були віднесені ті, які не мали посилань на джерела. До маніпулятивних заголовків були віднесені новини: «Ростовські козаки обіцяли не бити чоловіків, що цілуються, на ЧС-2018», «Неадекватний чоловік у Харкові намагався вкрасти маршрутку - новини на УНН».",,"Вадима Рабіновича, Віталія Кличка, Юлії Тимошенко, нардепа Сергія Тригубенка, оператора державних лотерей «М.С.Л.»","rabinovich.jpg,klichko.jpg,tymoshenko.jpeg,trygubenko.jpg,msl.png",,96,2,2,2,0,2,0
Politeka.net,Politeka,"На сайті «Politeka» під час моніторингу було виявлено 69 <span id=""highQaulityNews""></span> достовірних новин, 21 <span id=""uncertainSource""></span> новин з ненадійними джерелами інформації та 10 <span id=""nonReliableNews""> недостовірних новин. Серед них 30 <span id=""manipulativeHeading""></span> новин використовували маніпулятивні заголовки, 11 <span id=""manipulationsWithEmotions""> — маніпуляції з емоціями. Також були виявлені 4 <span id=""hateSpeech""></span> новини із використанням мови ворожнечі та один <span id=""fakes""> фейк.","<p>До новин з ненадійними джерелами інформації були віднесені ті, які використовували дописи з неверифікованих акаунтів у соціальних мережах, сумнівні джерела, думка однієї сторони, коли мова йшла про конфлікт тощо. До такої категорії відносилися й новини з ознаками замовлення. Наприклад, «Циничные слова Линчевского — не оговорка, а позиция Минздрава, — Виктор Медведчук». Зустрічалися такі випадки використання маніпулятивних заголовків на сайті: «Когда дадут горячую воду в Киеве: появились призрачные надежды на разрешение спора двух монополистов», «Да, это Россия бомбит Донбасс: Петру Порошенко выдвинули дерзкое условие, готовы признать все», «В ООС задержан шпион боевиков, но ему все сойдет с рук: оперативные кадры». В матеріалах, які використовували маніпуляції з емоціями, на противагу офіційним джерелам наводилися коментарі з соціальних мереж. Були зафіксовані і 4 матеріали, в яких використовувалася мова ворожнечі, приклади сексизму. Наприклад, «Счетчик пошел: цыганам в Голосеевском парке дали время на побег, будет большая чистка», чи «Пусть переселяют Донбасс и Крым: известные украинки обратились к Путину». Також був виявлений один фейк — «Срочно: в Чернобыльской зоне вспыхнул пожар, все может закончиться фатально», в якому стверджується, що «однако почему-то никаких мер не принимается и население о повышенном уровне опасности не информируют».</p>",,"Віктора Медведчука, нардепа Сергія Шахова","medvedchuk.jpeg,shahov.jpeg",,69,21,10,30,1,11,4
Expres.ua,Експрес,"На сайті «Експрес» під час моніторингу було виявлено 90 <span id=""highQaulityNews""></span> достовірних новин, 7 <span id=""uncertainSource""></span> новин з ненадійними джерелами інформації та 3 <span id=""nonReliableNews""> недостовірних новини. Крім того, з них 6 <span id=""manipulativeHeading""></span> новин використовували маніпулятивні заголовки, 4 <span id=""manipulationsWithEmotions""></span> — маніпуляції з емоціями. Не було виявлено фейків чи новин, які б використовували мову ворожнечі.","<p>До новин з ненадійними джерелами інформації були віднесені ті, які використовували дописи з неверифікованих акаунтів у соціальних мережах, сумнівні джерела, не використовували джерел взагалі. Наприклад, «Археологи у гирлі Дніпра досліджують затонулу турецьку галеру». У недостовірних новинах використовувались неофіційні чи непідтверджені джерела. Серед прикладів маніпулятивних заголовків, які були зафіксовані на сайті, — «Після ямкового ремонту дорога стала радіоактивною», «Спекулянти не змогли розгойдати валютний ринок», «У світі забагато цукру. Ціни падають».</p>","<p>Під час моніторингу джинси на сайті не було виявлено новин з ознаками замовлення чи новин із неналежним маркуванням.</p>
",,,,90,7,3,6,0,4,0
Hronika.info,Hronika.info,"На сайті «Hronika.info» під час моніторингу було виявлено 74 <span id=""highQaulityNews""></span> достовірних новин, 17 <span id=""uncertainSource""></span> новин із ненадійними джерелами інформації та 9 <span id=""nonReliableNews""> недостовірних новин. Серед цих новин 8 <span id=""manipulativeHeading""></span> мали маніпулятивні заголовки, 10 <span id=""manipulationsWithEmotions""></span> — маніпуляції з емоціями, 2 <span id=""hateSpeech""></span> матеріали, які містили мову ворожнечі. Під час аналізу не було виявлено фейків.","<p>До новин із ненадійними джерелами інформації були віднесені ті, які посилалися на дописи в соціальних мережах, коментарі з соціальних джерел, сумнівні анонімні джерела, а також ті, які мали ознаки замовлення, але інформація, яка в них повідомлялася, відповідала дійсності. До недостовірних потрапили новини, в яких було відсутнє посилання на джерела, думка тільки однієї сторони, коли йшла мова про конфлікт, чи новини з ознаками замовлення. Прикладами маніпулятивних заголовків таблоїдного характеру, які були зафіксовані на сайті, є: «Собака, обожающая арбузы, покорила Сеть», «Вторые половинки женщин, «переборщивших» с пластикой» тощо. У новинах часто використовуються узагальнення, оціночні судження, гіперболізація тощо. Крім того, було зафіксовано використання мови ворожнечі у новинах: «Укроп «Победитель» в российских магазинах обнаружили «зраду», «Пользователей Сети возмутило кафе «Москва» в Мариуполе».</p>",,народного депутата Артура Палатного,nardepPalatnyi.jpg,,74,17,9,8,0,10,2
Bagnet.org,Bagnet,"На сайті «Bagnet» під час моніторингу було виявлено 84 <span id=""highQaulityNews""></span> достовірних новини, 11 <span id=""uncertainSource""></span> новин з ненадійним джерелом інформації та 5 <span id=""nonReliableNews""> недостовірних новин. Серед цих новин 12 <span id=""manipulativeHeading""></span> матеріалів мали маніпулятивний заголовок, 7 <span id=""manipulationsWithEmotions""></span> містили маніпуляції з емоціями. Також був виявлений один <span id=""fakes""></span> фейк і не було виявлено новин, які б містили мову ворожнечі.","<p>До новин із ненадійними джерелами інформації були віднесені ті, які посилалися на дописи в соціальних мережах, коментарі з соціальних джерел, сумнівні джерела, а також ті, які мали ознаки замовлення, але інформація, яка повідомлялася в цих новинах, відповідала дійсності. Наприклад, «Итальянские ученые доказали, что пицца может спасти от рака» чи «Задержан участник АТО, подозреваемый в ограблениях». До недостовірних новин були віднесені ті, в яких не використовувались джерела інформації, або які мали ознаки замовлення. Наприклад, «Сахар лидирует в топ-10 опасных продуктов» чи «Кращий вибір українців — казино СлотоКінг». Прикладами маніпулятивних заголовків, які зустрічалися на сайті, є: «Парубий назвал Саакашвили бомжом», «Численность населения Украины стремительно падает: тревожные данные». Також був виявлений один фейк: «Немецкие СМИ предложили Европе объединиться с Россией».</p>",,"Вадима Рабіновича, депутата Артура Палатного, лідера партії «Розумна сила» Олександра Соловйова, «Лото-Забави»","rabinovich.jpg,nardepPalatnyi.jpg,soloviov.jpg,lotozabava.jpeg",,84,11,5,12,1,7,0
Ukrinform.ua,Укрінформ,"Під час моніторингу на сайті «Укрінформ» усі <span id=""highQaulityNews""></span> проаналізовані новини були визначені достовірними. Не було зафіксовано жодних новин із ненадійними джерелами інформації<span id=""uncertainSource""></span>. Також не було зафіксовано фейків <span id=""fakes""></span>, <span id=""nonReliableNews""></span> недостовірних новин, публікацій, які б містили маніпулятивні заголовки<span id=""manipulativeHeading""></span>, маніпуляції з емоціями <span id=""manipulationsWithEmotions""></span> чи мову ворожнечі<span id=""hateSpeech""></span>. 
",,"<p>Під час моніторингу джинси на сайті не було виявлено новин з ознаками замовлення чи новин із неналежним маркуванням.</p>
",,,,100,0,0,0,0,0,0
Radiosvoboda.org,Радіо Свобода,"Під час моніторингу на сайті «Радіо Свобода» усі <span id=""highQaulityNews""></span> проаналізовані новини були визначені достовірними. Не було зафіксовано жодних новин із ненадійними джерелами інформації, якщо використовувались пости із соціальних мереж, то акаунти були верифікованими. Завжди використовувались посилання. Також не було зафіксовано фейків <span id=""fakes""></span>, <span id=""nonReliableNews""></span> недостовірних новин, публікацій, які б містили маніпулятивні заголовки <span id=""manipulativeHeading""></span>, маніпуляції з емоціями <span id=""manipulationsWithEmotions""></span> чи мову ворожнечі <span id=""hateSpeech""></span>. 
",,"<p>Під час моніторингу джинси на сайті не було виявлено новин з ознаками замовлення чи новин із неналежним маркуванням. </p>
",,,,100,0,0,0,0,0,0
Slovoidilo.ua,Слово і діло,">На сайті «Слово і діло» під час моніторингу було виявлено 96 <span id=""highQaulityNews""></span> достовірних новини та 4 <span id=""uncertainSource""></span> новини з ненадійними джерелами інформації. Серед цих новин 2 <span id=""manipulativeHeading""></span> мали маніпулятивні заголовки і одна <span id=""manipulationsWithEmotions""></span> — маніпуляції з емоціями. Не було виявлено недостовірних новин, фейків, а також новин, які б містили мову ворожнечі.","<p>До новин з ненадійними джерелами інформації були віднесені ті, які посилалися на пости в соціальних мережах, коментарі з соціальних джерел, сумнівні джерела тощо. Прикладами маніпулятивних заголовків, які зустрічалися на сайті, є: «Януковича могли спалити заживо», «Скільки ще червоних стрічок переріже Порошенко до кінця каденції». </p>
","<p>Під час моніторингу джинси на сайті не було виявлено новин з ознаками замовлення чи новин із неналежним маркуванням. </p>
",,,,96,4,0,2,0,1,0
Kp.ru,Комсомольская правда,"На сайті «Комсомольская правда» під час моніторингу було виявлено 64 <span id=""highQaulityNews""></span> достовірних новини, 9 <span id=""uncertainSource""></span> новин із ненадійними джерелами інформації, а також 27 <span id=""nonReliableNews""></span> недостовірних новин. Серед цих новин 15 <span id=""manipulativeHeading""></span> новин мали маніпулятивні заголовки, 37 <span id=""manipulationsWithEmotions""></span> новин використовували маніпуляції з емоціями. Також було виявлено 5 фейків <span id=""fakes""></span> та 6 <span id=""hateSpeech""></span> новин, які містили мову ворожнечі. 
","<p>До новин з ненадійними джерелами інформації були віднесені ті, які використовували представників влади, чиновників як єдине джерело інформації, сумнівні джерела, давали висловитися одній стороні конфлікту тощо. Серед недостовірних новин були ті, в яких були відсутні посилання на джерела чи використовувались анонімні джерела. Також до таких були віднесені й новини з ознаками замовлення. Наприклад, «Первые жильцы «Жигулиной рощи»: уютно и в срок».</p><p>До новин з маніпулятивними заголовками були віднесені такі матеріали як: «Реанимация тут в клинике по соседству — ехать всего 5 минут…», «Как работают клиники красоты, где хирурги губят пациенток», «Сибирячка спасла жениха-итальянца: она заставила его пройти обследования, которые не стали делать в Англии», «Для фан-клуба режиссера Сенцова сострадание — как колбаса» тощо. На сайті також досить часто використовувались маніпуляції з емоціями, такі як оціночні судження, маніпулятивний бекграунд, гіперболізація, риторика, схожа за стилем на радянські ЗМІ і т.д.</p><p>Також серед 100 новин були виявлені 5 фейків, які використовували риторику кремлівської пропаганди. Наприклад, «Поклонская уверена, что Порошенко отдали приказ идти в атаку на Донбасс», «Порошенко лично дал приказ уничтожить «Боинг», — заявил экс-депутат Верховной Рады Украины» чи «Для фан-клуба режиссера Сенцова сострадание — как колбаса» тощо. </p><p>Крім того, було виявлено 6 новин, в яких була присутня мова ворожнечі, спрямована проти українців, американців та естонців. Наприклад, «За Донбасс?!»: Певице Чичериной запретили выступать на фестивале ФИФА» чи «Официальный представитель Минобороны РФ посоветовал главе Пентагона вспомнить историю и подучить географию».</p>

","<p><b>Моніторинг джинси та новин із неналежним маркуванням на цьому сайті не проводився.</b></p>
",,,,64,9,27,15,5,37,6
Vesti.ru,Вести,"На сайті «Вести» під час моніторингу новин було виявлено 74 <span id=""highQaulityNews""></span> достовірних новини, 9 <span id=""uncertainSource""></span> новин із ненадійними джерелами інформації та 17 <span id=""nonReliableNews""></span> недостовірних новин. Серед цих новин 7 <span id=""manipulativeHeading""></span> мали маніпулятивні заголовки, 11 <span id=""manipulationsWithEmotions""></span> новин використовували маніпуляції з емоціями. Також були виявлені 2 <span id=""fakes""></span> фейки та 2 <span id=""hateSpeech""></span> новини, які містили мову ворожнечі.","<p>До новин з ненадійними джерелами інформації були віднесені ті, які використовували представників влади, чиновників як єдине джерело інформації, сумнівні джерела, одну сторону конфлікту тощо. Серед недостовірних новин були ті, в яких були відсутні посилання на джерела, використовувались анонімні джерела чи власна думка журналіста була подана як достовірний факт. До новин з маніпулятивними заголовками були віднесені такі матеріали як: «Захарова сообщила об «адской драке» на «семерке», «Асад считает, что война ведется не только против Сирии, но и против России», «На Украине похвастались устроенной в Крыму засухой» тощо. На сайті також досить часто використовувались маніпуляції з емоціями, такі як оціночні судження, маніпулятивний бекграунд, гіперболізація, риторика, схожа за стилем на радянські ЗМІ і т.д. Також було виявлено 2 фейки серед досліджуваних новин: «ЕС теряет из-за санкций до 20 млрд евро в год» та «Асад обвинил Британию в пиар-трюке». Крім того, було виявлено 2 новини, в яких була присутня мова ворожнечі, спрямована проти українців: «На Украине похвастались устроенной в Крыму засухой» та «Неисчерпаемый юмор одесситов жив. Минобороны РФ о перехвате российского корабля».</p>","<p><b>Моніторинг джинси та новин із неналежним маркуванням на цьому сайті не проводився.</b></p>
",,,,74,9,17,7,2,11,2
Kp.ua,Комсомольская правда в Украине,"На сайті «Комсомольская правда в Украине» під час моніторингу новин було виявлено 81 <span id=""highQaulityNews""></span> достовірних новини, 13 <span id=""uncertainSource""></span> новин з ненадійними джерелами інформації та 6 <span id=""nonReliableNews""></span> недостовірних новин. Серед цих новин 10 <span id=""manipulativeHeading""></span> мали маніпулятивні заголовки, 10 <span id=""manipulationsWithEmotions""></span> новин використовували маніпуляції з емоціями. Також був виявлений один <span id=""fakes""></span> фейк та одна <span id=""hateSpeech""></span> новина, яка містила мову ворожнечі.","<p>До новин з ненадійними джерелами інформації були віднесені ті, які використовували представників влади, чиновників як єдине джерело інформації, сумнівні джерела, одну сторону конфлікту тощо. Серед недостовірних новин були ті, в яких були відсутні посилання на джерела, використовувались анонімні джерела чи власна думка журналіста була подана як достовірний факт. До новин з маніпулятивними заголовками були віднесені такі матеріали як: «Минздрав предупреждает: от рака все умрут», «Вороны массово атакуют киевлян, орнитологи советуют отбиваться», «Нашествие бабочек на столицу: откуда аномалия и как повлияет на экологию» тощо. На сайті також досить часто використовувались маніпуляції з емоціями, такі як оціночні судження, маніпулятивний бекграунд, гіперболізація і т.д. Також був виявлений один фейк серед досліджуваних новин: «Глава «Нафтогаза» Коболев назвал киевлян «посипаками», та новина, в якій використовувалась мова ворожнечі — «Ницой пошла в СБУ по «списку Бабченко», а попала к «русскоговорящим агентам Кремля».
</p>",,"лідера Аграрної партії Віталія Скоцика, Ольги Богомолець, Вадима Рабіновича, Гуманітарного штабу Ріната Ахметова, Дніпропетровської ОДА","skocic.jpg,bogomolets.jpg,rabinovich.jpg,ahmetov.jpeg,dniproODA.png",,81,13,6,10,1,10,1
Lenta.ru,Лента.ру,"На сайті «Лента.ру» під час моніторингу новин було виявлено 81 <span id=""highQaulityNews""></span> достовірну новину, 18 <span id=""uncertainSource""></span> новин з ненадійними джерелами інформації та одна <span id=""nonReliableNews""></span> недостовірна новина. Серед цих новин 18 <span id=""manipulativeHeading""></span> мали маніпулятивні заголовки, 10 <span id=""manipulationsWithEmotions""></span> новин використовували маніпуляції з емоціями. Також було виявлено 3 <span id=""hateSpeech""></span> новини, які містили мову ворожнечі. Під час аналізу не було виявлено фейків <span id=""fakes""></span>. 
","<p>До новин із ненадійними джерелами інформації були віднесені ті, які посилалися на пости в соціальних мережах, коментарі з соціальних джерел, сумнівні джерела, одну сторону конфлікту тощо.</p><p>До новин з маніпулятивними заголовками були віднесені такі матеріали як: «Уволенный главред отказался ""сытно урча отползать"" от Forbes», «Канадцев запугали войной и террором и отсоветовали ехать в Россию на ЧМ-2018», «Европа попросила Порошенко присоединиться к гей-параду» тощо. На сайті також досить часто використовувались маніпуляції з емоціями, такі як оціночні судження, гіперболізація і т.д.</p><p>Також було виявлено 3 новини, в яких використовувалась мова ворожнечі — здебільшого, спрямована проти представників ЛГБТ-спільноти. Наприклад, «Свадебные наряды лесбиянок посеяли раздор в сети». </p>
","<p><b>Моніторинг джинси та новин із неналежним маркуванням на цьому сайті не проводився.</b></p>
",,,,81,18,1,18,0,10,3
Focus.ua,Focus.ua,"На сайті «Focus.ua» під час моніторингу новин було виявлено 94 <span id=""highQaulityNews""></span> достовірних новини, 5 <span id=""uncertainSource""></span> новин із ненадійними джерелами інформації та одна <span id=""nonReliableNews""> недостовірна новина. Серед цих новин 3 <span id=""manipulativeHeading""></span> мали маніпулятивні заголовки, одна <span id=""manipulationsWithEmotions""></span> новина використовувала маніпуляції з емоціями. Також було виявлено одну <span id=""hateSpeech""></span> новину, яка містила мову ворожнечі. Під час аналізу новин не було виявлено фейків.","До новин з ненадійними джерелами інформації були віднесені ті, які посилалися на дописи в соціальних мережах, коментарі з соціальних джерел, джерела без посилань тощо. Недостовірною новиною була визначена та, в якій заголовок не відповідав тексту новини та був неправдивим — «Путин назвал Навального клоуном». До новин з маніпулятивними заголовками були віднесені такі матеріали як: «Силовики перекрывали в Черновцах улицу из-за куска мыла», «Мост Метро в Киеве может рухнуть в любой момент, - автор проекта» тощо. </p>","<p>Під час моніторингу джинси на цьому сайті не було виявлено матеріалів з ознаками джинси. Втім, були виявлені матеріали з неналежним маркуванням. </p>
",,,,94,5,1,3,0,1,1
Fakty.ua,«Факти»,"На сайті «Факти» під час моніторингу новин було виявлено 85 <span id=""highQaulityNews""></span> достовірних новини, 12 <span id=""uncertainSource""></span> новин з ненадійними джерелами інформації та 3 <span id=""nonReliableNews""> недостовірних новини. Серед них 6 <span id=""manipulativeHeading""></span> новин мали маніпулятивні заголовки, 3 <span id=""manipulationsWithEmotions""></span> новини використовували маніпуляції з емоціями. Також було виявлено одну <span id=""hateSpeech""></span> новину, яка містила мову ворожнечі. Не було виявлено фейків під час аналізу новин.","<p>До новин з ненадійними джерелами інформації були віднесені ті, які посилалися на дописи в соціальних мережах, коментарі з соціальних джерел, блоги на різних ресурсах, джерела без посилань, сумнівні джерела тощо. Недостовірними новинами були визнані ті, які не використовували посилань на джерела. Наприклад, «Голден Стэйт» всухую выиграл финальную серию НБА». До новин з маніпулятивними заголовками були віднесені такі матеріали як: «Беларусь обвинила Россию в неадекватности», «Известный российский актер сделал скандальное заявление по Крыму» тощо. Також була виявлена новина, яка містила мову ворожнечі, спрямовану проти ромів — «Соцсети: цыгане в Киеве захватывают парки и вырубают деревья. Ждать новых погромов?».</p>",,"Вадима Рабіновича, Віталія Кличка, групи ICU","rabinovich.jpg,klichko.jpg,icu.jpeg",,85,12,3,6,0,3,1
Zaxid.net,Zaxid.net,"На сайті «Zaxid.net» під час моніторингу новин було виявлено 93 <span id=""highQaulityNews""></span> достовірних новини, 6 <span id=""uncertainSource""></span> новин з ненадійними джерелами інформації та 1 <span id=""nonReliableNews""></span> недостовірна новина. Серед цих новин 2 <span id=""manipulativeHeading""></span> мали маніпулятивні заголовки. Не було виявлено новин, які б містили маніпуляції з емоціями, мали мову ворожнечі. Також під час аналізу не було виявлено фейків. ","<p>До новин з ненадійними джерелами інформації були віднесені ті, які посилалися на дописи у соціальних мережах, а також які мали ознаки замовлення. Наприклад, «У Лівані зникла безвісти хвора на діабет українка». До недостовірних новин також були віднесені матеріали здебільшого з ознаками замовності. Наприклад, «Львів вкотре зустрічатиме Свято Морозива від компанії «РУДЬ». До новин з маніпулятивними заголовками були віднесені такі матеріали як: «В Закарпатській ОДА розповіли подробиці про місцеву сепаратистську футбольну команду».</p>","<p>Під час моніторингу джинси на сайті «Zahid.net» не було виявлено матеріалів з ознаками замовлення. Втім, були виявлені матеріали з неналежним маркуванням. </p>
",,,,93,6,1,2,0,0,0
Ria.ru,РИА Новости,"На сайті «РИА Новости» виявлено 87 <span id=""highQaulityNews""></span> достовірних новин, 10 <span id=""uncertainSource""></span> новин з ненадійними джерелами інформації та 3 <span id=""nonReliableNews""></span> недостовірних новини. Серед цих новин 4 <span id=""manipulativeHeading""></span> мали маніпулятивні заголовки, а 11 <span id=""manipulationsWithEmotions""></span> містили маніпуляції з емоціями. Також був виявлений один <span id=""fakes""></span> фейк та одна <span id=""hateSpeech""></span> новина, яка містила мову ворожнечі.","<p>До новин з ненадійними джерелами інформації були віднесені матеріали з ознаками замовлення, ті, які використовували думку тільки однієї сторони конфлікту, думку чиновника чи політика як достовірний факт. Наприклад, «Путин нас не бросил, детей не бросаем»: жители села на Алтае спасли школу». До недостовірних новин були віднесені матеріали з сумнівними джерелами та ознаками замовлення. Наприклад, в тексті новини «Установлена личность выжившего в Афганистане советского летчика» навіть вказується: «при этом подчеркивается, что информация не точная и требует тщательной проверки». На сайті також досить часто використовувались маніпуляції з емоціями, такі як оціночні судження, маніпулятивний бекграунд, гіперболізація і т.д. Також був виявлений фейк — «Умереть в одиночестве. Как исчезают страны Восточной Европы», де з використанням сумнівних експертів та за відсутності офіційних джерел поширюється пропагандистська риторика. В цьому ж тексті присутня й мова ворожнечі. Зазначимо, що ми моніторили новини «РИА Новости» уже після арешту Кирила Вишинського, який був керівником цього видання. Нагадаємо, СБУ звинувачує його в тому, що в 2014 році він у Криму брав участь у пропагандистських акціях, спрямованих на підтримку анексії та приєднання півострова до РФ. Також СБУ стверджує, що фінансування «РИА Новости» відбувалося з Росії <a href=”https://ssu.gov.ua/ua/news/1/category/2/view/4775#.fPT2f0T3.dpbs” target=”_blank”>через підставну фірму в Сербії</a>.</p><p>Тексти також зіткнулися з пропагандистами з «РИА Новости», які разом з іншими російськими ЗМІ перекрутили нашу новину та, змінивши акценти, масово поширювали її. Детальніше читайте у нашому матеріалі від 28 грудня 2017 року <a href=http://texty.org.ua/pg/news/nnnade4ka/read/81669/Oberezhno_dezinformacija_JaK_RYA_Novosty_namagalysa_vykorystaty>“Обережно, дезінформація! ЯК «РИА Новости» намагалися використати Texty.org.ua”</a>.</p>",<p><b>Моніторинг джинси та новин із неналежним маркуванням на цьому сайті не проводився.</b></p>,,,,87,10,3,4,1,11,1
Podrobnosti.ua,«Подробності»,"Під час моніторингу сайту «Подробності» було виявлено 89 <span id=""highQaulityNews""></span> достовірних новин, 5 <span id=""uncertainSource""></span> новин із ненадійними джерелами інформації та 6 <span id=""nonReliableNews""></span> недостовірних новин. Крім того, з них 7 <span id=""manipulativeHeading""></span> новин мали маніпулятивні заголовки, 5 <span id=""manipulationsWithEmotions""></span> — маніпуляції з емоціями. Під час аналізу не було виявлено фейків та новин, які б містили мову ворожнечі.","<p>До новин з ненадійними джерелами інформації були віднесені матеріали, які використовували сумнівні джерела, не використовували посилань на джерела, хоча інформація була достовірною. Наприклад, «Кому нельзя есть помидоры» чи «Какие опасные болезни можно привезти из отпуска». До недостовірних новин були віднесені ті, в яких були відсутні джерела чи джерела були сумнівними, а також із ознаками замовлення. Наприклад, «В Днепре народные депутаты и фермеры обсудили новый аграрный курс Украины». До новин із маніпулятивними заголовками були віднесені такі матеріали як: «В Австрии закроют мечети и вышлют имамов», «В Украине массово подделывают валюту», «Меда не будет: в Украине массово гибнут пчелы» тощо. </p>",,"Олега Ляшка, Сергія Льовочкіна, Юлії Льовочкіної, Сергія Капліна,  Ірини Акімової, «Лото-Забави»","liashko.jpeg,liovochkin.jpg,liovochkina.JPG,kaplin.jpg,akimova.png,lotozabava.jpeg",,89,5,6,7,0,5,0
Comments.ua,Комментарии,"На сайті «Комментарии» під час моніторингу новин було виявлено 85 <span id=""highQaulityNews""></span> достовірних новини, 8 <span id=""uncertainSource""></span> новин з ненадійними джерелами інформації та 7 <span id=""nonReliableNews""> недостовірних новин. Серед цих новин 4 <span id=""manipulativeHeading""></span> мали маніпулятивні заголовки, а 2 <span id=""manipulationsWithEmotions""></span> містили маніпуляції з емоціями. Під час аналізу не було виявлено новин, які містили б мову ворожнечі. Втім, був виявлений один <span id=""fakes""></span> фейк.","<p>До новин з ненадійними джерелами інформації були віднесені матеріали, які посилалися на дописи з неверифікованих акаунтів у соціальних мережах, сумнівні джерела, використовували коментарі сумнівних експертів тощо. Також до цієї категорії були віднесені й новини з ознаками замовності. Наприклад, «Сергей Рыбалка: «Создаем условия для развития малых и средних банков». До недостовірних новин були віднесені ті, які не містили посилань на джерела взагалі чи не використовували лінки на джерела. Наприклад, «Принц Гарри появился на публике без жены». До новин з маніпулятивними заголовками таблоїдного характеру були віднесені такі матеріали як: «Ученые заявили об опаснейшем вирусе, исходящем от собак», «Бабченко отказался в принципе давать бесплатные интервью», «Мадонна шокировала новостью о замужестве» тощо. Також був виявлений фейк - ""Венгрия подняла в воздух истребители против украинских контрабандистов"".</p>",,"Віктора Медведчука, чорний піар <b>проти</b> Анатолія Гриценка","medvedchuk.jpeg,GRYCENCO.jpg",,85,8,7,4,1,2,0
Vesti-ukr.com,Вести,"На сайті «Вести» під час моніторингу новин було виявлено 89 <span id=""highQaulityNews""></span> достовірних новин, 10 <span id=""uncertainSource""></span> новин з ненадійними джерелами інформації та одна <span id=""nonReliableNews""></span> недостовірна новина. Серед цих новин 6 <span id=""manipulativeHeading""></span> мали маніпулятивні заголовки, 11 <span id=""manipulationsWithEmotions""></span> містили маніпуляції з емоціями, одна <span id=""hateSpeech""></span> новина містила мову ворожнечі. Під час аналізу не було виявлено фейків.","<p>До новин з ненадійними джерелами інформації були віднесені матеріали, які посилалися на дописи у соціальних мережах. Зокрема, на сайті навіть проводилася «реконструкція фейсбук-атаки на опозиційного політика». Наприклад, «Выход за рамки или просто слова. Есть ли перспективы у дела о «госизмене» Евгения Мураева». Також використовуються сумнівні джерела, коментарі заангажованих експертів, анонімні джерела тощо. На сайті також досить часто використовувались маніпуляції з емоціями, такі як оціночні судження, маніпулятивний бекграунд, гіперболізація і т.д. До новин з маніпулятивними заголовками були віднесені такі матеріали як: «Служба разведки Украины покупает 12 тысяч шоколадок, халву и зефир», «Из-за перекрытия Северо-Крымского канала в Крыму началась засуха», «Трамп насмешил своим знанием истории, обвинив канадцев в сожжении Белого дома» тощо. Також була виявлена новина, яка містила мову ворожнечі, спрямована проти ЛГБТ-спільноти, — «5 неудобных вопросов о ЛГБТ».</p>",,<b>проти</b> Міністерства охорони здоров’я,moz.png,,89,10,1,6,0,11,1
Bykvu.com,Букви,"На сайті «Букви» під час моніторингу новин було виявлено 97 <span id=""highQaulityNews""></span> достовірних новин та 3 <span id=""uncertainSource""></span> новини з ненадійними джерелами інформації. Також одна <span id=""manipulativeHeading""></span> новина мала маніпулятивний заголовок, 2 <span id=""manipulationsWithEmotions""></span> використовували маніпуляції з емоціями, і ще дві <span id=""hateSpeech""></span> новини містили мову ворожнечі. Під час аналізу не було виявлено фейків <span id=""fakes""></span> та <span id=""nonReliableNews""></span> недостовірних новин.
","<p>До новин з ненадійними джерелами інформації були віднесені матеріали, які посилалися на дописи з неверифікованих акаунтаів у соціальних мережах. Наприклад, «В ОБСЕ перекрутили слова пресс-секретаря главы ГПУ Луценко».</p><p>Серед новин, в яких використовувалась мова ворожнечі, такий приклад: «Продюсер «Грибов» обвинил друга в сексе с женой — певицей Луной».</p>

","<p>Під час моніторингу джинси на сайті не було виявлено новин з ознаками замовлення чи новин із неналежним маркуванням. </p>
",,,,97,3,0,1,0,2,2
From-ua.com,From-ua,"На сайті «From-ua» під час моніторингу було виявлено 62 <span id=""highQaulityNews""></span> достовірних новин, 17 <span id=""uncertainSource""></span> новини з ненадійними джерелами інформації та 17 <span id=""nonReliableNews""> недостовірних новин. Серед цих новин 28 <span id=""manipulativeHeading""></span> мали маніпулятивні заголовки, 21 <span id=""manipulationsWithEmotions""></span> містили маніпуляції з емоціями. Також було виявлено 4 <span id=""fakes""></span> фейки та 3 <span id=""hateSpeech""></span> новини, які містили мову ворожнечі.","<p>До новин з ненадійними джерелами інформації були віднесені матеріали, які посилалися на дописи з неверифікованих акаунтів у соціальних мережах, сумнівних експертів, коментарі у соціальних мережах, сумнівні джерела без лінків тощо. Наприклад, «Жена футболиста украинской сборной взбудоражила пляжными снимками», «Вот как можно привлечь удачу, деньги и любовь с помощью обычной булавки», «Украинцы понесли в ломбарды даже сантехнику и книги» тощо. До недостовірних новин були віднесені ті, в яких були відсутні джерела взагалі, джерела були узагальненими, як «благодаря сообщениям белорусских СМИ», були відсутні посилання на джерела, а також новини з ознаками замовності. Наприклад, «Марсиане подают знак: космический ровер заснял загадочный предмет», «Новое онлайн казино SuperSlots: какими преимуществами оно обладает» тощо. До новин з маніпулятивними заголовками були віднесені такі матеріали як: «На кожного українця повісять борги жителів «ДНР» та «ЛНР»: новий закон шокує», «Банкир Яременко об угрозе дефолта: Вопрос только в продлении агонии», «Обнаженная голливудская модель показала, как делать это в бассейне» тощо. Також у новинах досить часто зустрічалися оціночні судження, узагальнення, перебільшення та інші маніпуляції з емоціями. Під час аналізу було виявлено 4 фейки: «У побережья нашли неизвестное науке существо», «Человечеству грозит неизлечимая эпидемия», «Підтримка вищих сил: годинник янгола-охоронця на червень 2018 року» та «Уже в 2018 году: названа новая дата конца света». Були виявлені й новини з використанням мови ворожнечі: «Дошпагатилась: голая Волочкова села на кол в прямом смысле», «Немытые «хащи» Волочковой возмутили больше пошлого шпагата», «Долго насиловали и душили. В Германии жестоко расправились с молдавской девочкой». </p>",,"Віктора Медведчука, «Вулкан»","medvedchuk.jpeg,vulkan.jpeg",,62,17,17,28,4,21,3
Hvylya.net,Хвиля,"Під час моніторингу на сайті «Хвиля» було виявлено 95 <span id=""highQaulityNews""></span> достовірних новин, 3 <span id=""uncertainSource""></span> новини із ненадійними джерелами інформації та 2 <span id=""nonReliableNews""> недостовірних новини. 7 <span id=""manipulativeHeading""></span> новин мали маніпулятивні заголовки, 1 <span id=""manipulationsWithEmotions""></span> новина містила маніпуляції з емоціями. Також під час аналізу не було виявлено фейків та новин, які б містили мову ворожнечі.","<p>До новин з ненадійними джерелами інформації були віднесені ті, які використовували пости та коментарі з соціальних мереж, сумнівні джерела без посилань тощо. Наприклад, «Зрители пришли в бешенство из-за худобы участников романтического телешоу». Серед недостовірних новин — ті, які не містили посилань на джерела інформації взагалі. Наприклад, «Предсказана неминуемая гибель инопланетных цивилизаций», «Украинские села превратятся в необитаемые острова» тощо. До новин з маніпулятивними заголовками були віднесені такі матеріали як: «Ученые объяснили существование сверхъестественных сил», «Ученые обнаружили дешевый способ борьбы с раком», «Медицинская реформа: жителей сел будут лечить по интернету за 14 млрд долларов» і т.д.</p>","<p>Під час моніторингу джинси на сайті не було виявлено новин з ознаками замовлення чи новин із неналежним маркуванням. </p>
",,,,95,3,2,7,0,1,0
Zn.ua,Zn.ua,"На сайті «Zn.ua» під час моніторингу було виявлено 99 <span id=""highQaulityNews""></span> достовірних новин, а також 1 <span id=""uncertainSource""></span> новина з ненадійними джерелами інформації. Не було зафіксовано недостовірних новин, новин із маніпулятивними заголовками, новин, які б використовували б маніпуляції з емоціями, мову ворожнечі. Також не було виявлено фейків.","<p>До новин із ненадійними джерелами інформації був віднесений матеріал із посиланням на соціальні мережі із відсутнім лінком - ""Ломаченко встретился со Сталлоне"".</p> ","<p>Під час моніторингу джинси на сайті не було виявлено новин з ознаками замовлення чи новин із неналежним маркуванням.</p>
",,,,99,1,0,0,0,0,0
Ukranews.com,Українські новини,"На сайті «Українські новини» під час моніторингу було виявлено 86 <span id=""highQaulityNews""></span> достовірних новин, 9 <span id=""uncertainSource""></span> новин із ненадійними джерелами інформації та 5 <span id=""nonReliableNews""></span> недостовірних новин. Серед них 8 <span id=""manipulativeHeading""></span> мали маніпулятивні заголовки та 4 <span id=""manipulationsWithEmotions""></span> — маніпуляції з емоціями. Також серед проаналізованих новин не було виявлено фейків та новин, які містили б мову ворожнечі.","<p>До новин із ненадійними джерелами інформації були віднесені ті, які використовували дописи у соціальних мережах, сумнівні власні джерела тощо. Наприклад, «Депутат Рады Рабинович прогнал от своего офиса уличную кофейню». Серед недостовірних новин — матеріали з ознаками замовлення, ті, в яких відсутня позиція другої сторони, коли мова йшла про конфлікт. Наприклад, «На Прикарпатье разоблачили схему хищения «Нефтегазом» газа собственной добычи», чи «Днепропетровская ОГА возводит многоэтажку под социальное жилье, — Резниченко». До новин з маніпулятивними заголовками були віднесені такі матеріали як: «Спецназовцы показали детям, как перерезать горло для популяризации армии, — мэр Энергодара» та інші. </p>",,"«Опозиційного блоку» та Юрія Бойка, Сергія Льовочкіна, Юлії Льовочкіної, Юлії Тимошенко, голови Дніпропетровської ОДА Валентина Резніченка, Олега Ляшка, Віталія Кличка, «Лото-Забави»","boiko.jpg,liovochkin.jpg,liovochkina.JPG,tymoshenko.jpeg,reznichenko.jpg,liashko.jpeg,klichko.jpg,lotozabava.jpeg",,86,9,5,8,0,4,0
Hromadske.ua,Громадське,"Під час моніторингу на сайті «Громадське» усі <span id=""highQaulityNews""></span> проаналізовані новини були визначені достовірними. Не було зафіксовано жодних новин із ненадійними джерелами інформації<span id=""uncertainSource""></span>, якщо використовувались дописи з соціальних мереж, то акаунти були верифікованими. Завжди використовувались посилання. Також не було зафіксовано фейків <span id=""fakes""></span>, <span id=""nonReliableNews""></span> недостовірних новин, публікацій, які містили б маніпулятивні заголовки <span id=""manipulativeHeading""></span>, маніпуляції з емоціями<span id=""manipulationsWithEmotions""></span>, мову ворожнечі<span id=""hateSpeech""></span>. 
",,"<p>Під час моніторингу джинси на сайті не було виявлено новин з ознаками замовлення чи новин із неналежним маркуванням. </p>
",,,,100,0,0,0,0,0,0
Interfax.com.ua,Інтерфакс,"На сайті «Інтерфакс» під час моніторингу було виявлено 96 <span id=""highQaulityNews""></span> достовірних новини, 1 <span id=""uncertainSource""></span> новина із ненадійними джерелами інформації та 3 <span id=""nonReliableNews""></span> недостовірних новини. Також була виявлена одна <span id=""hateSpeech""></span> новина, яка містила мову ворожнечі. Не було виявлено фейків, маніпуляцій з емоціями та маніпулятивних заголовків.","<p>До недостовірних новин були віднесені ті, які мали ознаки замовлення чи не мали посилань на джерела. Наприклад, «Vodafone запустил пять новых тарифов для контрактных абонентов». Була виявлена новина, в якій містилася мова ворожнечі, а саме недоречне згадування національності тоді, коли цей факт не має значення, — «Виновник смертельного ДТП на Набережной в Запорожье – гражданин Армении, суд арестовал его на 2 месяца».</p>",,"«Наш край», «Батьківщини», «Опозиційного блоку», ПАТ «Запоріжсталь»","nashkrai.png,batkivshchina.png,opoblock.jpg,zaporijstal.jpeg",,96,1,3,0,0,0,1
Enovosty.com,Экономические новости,"На сайті «Экономические новости» під час моніторингу було виявлено 81 <span id=""highQaulityNews""></span> достовірних новин, 17 <span id=""uncertainSource""></span> новин з ненадійними джерелами інформації, а також 2 <span id=""nonReliableNews""> недостовірних новини. Серед них 9 <span id=""manipulativeHeading""></span> мали маніпулятивні заголовки, 3 <span id=""manipulationsWithEmotions""></span> — маніпуляції з емоціями. Також була виявлена одна <span id=""hateSpeech""></span> новина, яка містила мову ворожнечі. Не було виявлено фейків.","<p>До новин з ненадійними джерелами інформації були віднесені ті, які використовували дописи з неверифікованих акаунтів у соціальних мережах, сумнівні анонімні джерела, коментарі сумнівних експертів тощо. Наприклад, «Курс биткоина резко упал из-за действий властей США», «Пожар в Чернобыле: Синоптик сделала важное предупреждение» тощо. До недостовірних новин були віднесені ті, які не вказували джерел, не використовували посилань. Наприклад, «Ученые шокировали: Собаки угрожают человечеству», «В Мариуполе у пьяной женщины отобрали 22 собаки». До новин з маніпулятивними заголовками були віднесені такі матеріали як: «Вареники для мажоров: Как изменились цены на любимые продукты украинцев», «Бегут фекальные реки и валяется мусор: Во что оккупанты превратили Крым», і т.д. Була виявлена новина, в якій містилася мова ворожнечі, спрямована проти ромської національності: «Страсти с ромами, захватившими парк: «Национальные» дружины дали им 24 часа». </p>","<p>Під час моніторингу джинси на сайті не було виявлено новин з ознаками замовлення чи новин із неналежним маркуванням. </p>
",,,,81,17,2,9,0,3,1